Stimulus,set,expression,sex,total_rating,female_rating,male_rating
010_y_f_h_a.jpg,a,happy,female,98,100,91
010_y_f_h_b.jpg,b,happy,female,99,100,100
020_y_f_h_a.jpg,a,happy,female,98,100,100
020_y_f_h_b.jpg,b,happy,female,98,100,100
022_y_f_h_a.jpg,a,happy,female,95,92,91
022_y_f_h_b.jpg,b,happy,female,96,100,100
028_y_f_h_a.jpg,a,happy,female,97,100,100
028_y_f_h_b.jpg,b,happy,female,99,100,100
034_y_f_h_a.jpg,a,happy,female,97,100,91
034_y_f_h_b.jpg,b,happy,female,98,100,100
040_y_f_h_a.jpg,a,happy,female,94,100,83
040_y_f_h_b.jpg,b,happy,female,85,100,92
048_y_f_h_a.jpg,a,happy,female,100,100,100
048_y_f_h_b.jpg,b,happy,female,97,100,100
054_y_f_h_a.jpg,a,happy,female,98,90,100
054_y_f_h_b.jpg,b,happy,female,98,100,100
063_y_f_h_a.jpg,a,happy,female,94,100,82
063_y_f_h_b.jpg,b,happy,female,99,100,100
069_y_f_h_a.jpg,a,happy,female,98,100,91
069_y_f_h_b.jpg,b,happy,female,99,91,100
071_y_f_h_a.jpg,a,happy,female,97,100,91
071_y_f_h_b.jpg,b,happy,female,98,100,100
085_y_f_h_a.jpg,a,happy,female,97,100,100
085_y_f_h_b.jpg,b,happy,female,98,100,100
090_y_f_h_a.jpg,a,happy,female,100,100,100
090_y_f_h_b.jpg,b,happy,female,97,100,100
098_y_f_h_a.jpg,a,happy,female,97,100,91
098_y_f_h_b.jpg,b,happy,female,95,100,100
101_y_f_h_a.jpg,a,happy,female,95,92,91
101_y_f_h_b.jpg,b,happy,female,100,100,100
106_y_f_h_a.jpg,a,happy,female,97,100,91
106_y_f_h_b.jpg,b,happy,female,97,100,100
115_y_f_h_a.jpg,a,happy,female,100,100,100
115_y_f_h_b.jpg,b,happy,female,95,100,100
125_y_f_h_a.jpg,a,happy,female,92,100,92
125_y_f_h_b.jpg,b,happy,female,96,100,100
132_y_f_h_a.jpg,a,happy,female,100,100,100
132_y_f_h_b.jpg,b,happy,female,97,100,100
134_y_f_h_a.jpg,a,happy,female,98,100,100
134_y_f_h_b.jpg,b,happy,female,98,100,100
140_y_f_h_a.jpg,a,happy,female,98,100,100
140_y_f_h_b.jpg,b,happy,female,100,100,100
150_y_f_h_a.jpg,a,happy,female,99,100,92
150_y_f_h_b.jpg,b,happy,female,99,100,100
152_y_f_h_a.jpg,a,happy,female,98,100,100
152_y_f_h_b.jpg,b,happy,female,99,100,100
162_y_f_h_a.jpg,a,happy,female,100,100,100
162_y_f_h_b.jpg,b,happy,female,97,100,100
163_y_f_h_a.jpg,a,happy,female,98,100,90
163_y_f_h_b.jpg,b,happy,female,100,100,100
171_y_f_h_a.jpg,a,happy,female,95,100,92
171_y_f_h_b.jpg,b,happy,female,98,100,100
173_y_f_h_a.jpg,a,happy,female,98,100,91
173_y_f_h_b.jpg,b,happy,female,100,100,100
177_y_f_h_a.jpg,a,happy,female,100,100,100
177_y_f_h_b.jpg,b,happy,female,98,100,91
182_y_f_h_a.jpg,a,happy,female,95,100,92
182_y_f_h_b.jpg,b,happy,female,95,90,100
010_y_f_a_a.jpg,a,angry,female,91,100,91
010_y_f_a_b.jpg,b,angry,female,87,100,82
020_y_f_a_a.jpg,a,angry,female,94,100,100
020_y_f_a_b.jpg,b,angry,female,94,100,100
022_y_f_a_a.jpg,a,angry,female,89,100,100
022_y_f_a_b.jpg,b,angry,female,85,100,100
028_y_f_a_a.jpg,a,angry,female,91,100,83
028_y_f_a_b.jpg,b,angry,female,92,100,100
034_y_f_a_a.jpg,a,angry,female,52,67,55
034_y_f_a_b.jpg,b,angry,female,60,100,50
040_y_f_a_a.jpg,a,angry,female,84,91,73
040_y_f_a_b.jpg,b,angry,female,76,90,67
048_y_f_a_a.jpg,a,angry,female,95,100,91
048_y_f_a_b.jpg,b,angry,female,97,100,100
054_y_f_a_a.jpg,a,angry,female,77,83,82
054_y_f_a_b.jpg,b,angry,female,85,91,73
063_y_f_a_a.jpg,a,angry,female,88,100,92
063_y_f_a_b.jpg,b,angry,female,88,100,83
069_y_f_a_a.jpg,a,angry,female,97,91,92
069_y_f_a_b.jpg,b,angry,female,100,100,100
071_y_f_a_a.jpg,a,angry,female,91,100,80
071_y_f_a_b.jpg,b,angry,female,97,100,92
085_y_f_a_a.jpg,a,angry,female,85,100,91
085_y_f_a_b.jpg,b,angry,female,79,100,92
090_y_f_a_a.jpg,a,angry,female,89,80,100
090_y_f_a_b.jpg,b,angry,female,74,80,100
098_y_f_a_a.jpg,a,angry,female,97,100,100
098_y_f_a_b.jpg,b,angry,female,95,100,91
101_y_f_a_a.jpg,a,angry,female,26,18,27
101_y_f_a_b.jpg,b,angry,female,61,64,82
106_y_f_a_a.jpg,a,angry,female,73,85,91
106_y_f_a_b.jpg,b,angry,female,85,100,91
115_y_f_a_a.jpg,a,angry,female,92,100,92
115_y_f_a_b.jpg,b,angry,female,92,100,92
125_y_f_a_a.jpg,a,angry,female,85,82,73
125_y_f_a_b.jpg,b,angry,female,92,100,100
132_y_f_a_a.jpg,a,angry,female,86,92,89
132_y_f_a_b.jpg,b,angry,female,75,100,91
134_y_f_a_a.jpg,a,angry,female,86,82,67
134_y_f_a_b.jpg,b,angry,female,85,89,75
140_y_f_a_a.jpg,a,angry,female,94,100,100
140_y_f_a_b.jpg,b,angry,female,94,91,91
150_y_f_a_a.jpg,a,angry,female,94,100,92
150_y_f_a_b.jpg,b,angry,female,94,90,100
152_y_f_a_a.jpg,a,angry,female,88,100,100
152_y_f_a_b.jpg,b,angry,female,91,100,100
162_y_f_a_a.jpg,a,angry,female,95,100,91
162_y_f_a_b.jpg,b,angry,female,94,100,100
163_y_f_a_a.jpg,a,angry,female,89,100,91
163_y_f_a_b.jpg,b,angry,female,94,100,100
171_y_f_a_a.jpg,a,angry,female,97,100,80
171_y_f_a_b.jpg,b,angry,female,89,100,92
173_y_f_a_a.jpg,a,angry,female,74,100,91
173_y_f_a_b.jpg,b,angry,female,89,100,92
177_y_f_a_a.jpg,a,angry,female,84,91,91
177_y_f_a_b.jpg,b,angry,female,82,89,92
182_y_f_a_a.jpg,a,angry,female,96,100,92
182_y_f_a_b.jpg,b,angry,female,95,100,92
008_y_m_h_a.jpg,a,happy,male,95,100,100
008_y_m_h_b.jpg,b,happy,male,94,100,92
013_y_m_h_a.jpg,a,happy,male,98,100,91
013_y_m_h_b.jpg,b,happy,male,95,100,100
016_y_m_h_a.jpg,a,happy,male,95,100,91
016_y_m_h_b.jpg,b,happy,male,97,100,100
025_y_m_h_a.jpg,a,happy,male,97,100,90
025_y_m_h_b.jpg,b,happy,male,97,100,100
031_y_m_h_a.jpg,a,happy,male,97,100,90
031_y_m_h_b.jpg,b,happy,male,99,100,100
037_y_m_h_a.jpg,a,happy,male,94,100,100
037_y_m_h_b.jpg,b,happy,male,97,100,100
041_y_m_h_a.jpg,a,happy,male,95,100,92
041_y_m_h_b.jpg,b,happy,male,96,100,100
049_y_m_h_a.jpg,a,happy,male,95,100,90
049_y_m_h_b.jpg,b,happy,male,95,100,100
057_y_m_h_a.jpg,a,happy,male,94,100,83
057_y_m_h_b.jpg,b,happy,male,97,100,92
062_y_m_h_a.jpg,a,happy,male,89,100,82
062_y_m_h_b.jpg,b,happy,male,97,89,100
066_y_m_h_a.jpg,a,happy,male,94,100,91
066_y_m_h_b.jpg,b,happy,male,100,100,100
072_y_m_h_a.jpg,a,happy,male,97,100,91
072_y_m_h_b.jpg,b,happy,male,100,100,100
081_y_m_h_a.jpg,a,happy,male,96,92,92
081_y_m_h_b.jpg,b,happy,male,100,100,100
089_y_m_h_a.jpg,a,happy,male,97,100,100
089_y_m_h_b.jpg,b,happy,male,98,100,100
099_y_m_h_a.jpg,a,happy,male,91,92,91
099_y_m_h_b.jpg,b,happy,male,100,100,100
105_y_m_h_a.jpg,a,happy,male,98,100,91
105_y_m_h_b.jpg,b,happy,male,98,100,100
109_y_m_h_a.jpg,a,happy,male,97,100,92
109_y_m_h_b.jpg,b,happy,male,95,100,100
114_y_m_h_a.jpg,a,happy,male,94,100,100
114_y_m_h_b.jpg,b,happy,male,91,100,100
119_y_m_h_a.jpg,a,happy,male,97,100,92
119_y_m_h_b.jpg,b,happy,male,95,100,100
123_y_m_h_a.jpg,a,happy,male,97,100,100
123_y_m_h_b.jpg,b,happy,male,93,100,91
127_y_m_h_a.jpg,a,happy,male,98,100,90
127_y_m_h_b.jpg,b,happy,male,100,100,100
135_y_m_h_a.jpg,a,happy,male,97,100,92
135_y_m_h_b.jpg,b,happy,male,95,100,91
144_y_m_h_a.jpg,a,happy,male,97,100,92
144_y_m_h_b.jpg,b,happy,male,100,100,100
147_y_m_h_a.jpg,a,happy,male,97,100,100
147_y_m_h_b.jpg,b,happy,male,99,100,100
153_y_m_h_a.jpg,a,happy,male,98,91,100
153_y_m_h_b.jpg,b,happy,male,98,100,100
160_y_m_h_a.jpg,a,happy,male,94,100,83
160_y_m_h_b.jpg,b,happy,male,99,100,100
167_y_m_h_a.jpg,a,happy,male,97,100,91
167_y_m_h_b.jpg,b,happy,male,100,100,100
170_y_m_h_a.jpg,a,happy,male,98,100,92
170_y_m_h_b.jpg,b,happy,male,97,100,100
175_y_m_h_a.jpg,a,happy,male,97,100,83
175_y_m_h_b.jpg,b,happy,male,100,100,100
008_y_m_a_a.jpg,a,angry,male,98,100,100
008_y_m_a_b.jpg,b,angry,male,97,100,100
013_y_m_a_a.jpg,a,angry,male,91,100,92
013_y_m_a_b.jpg,b,angry,male,83,100,83
016_y_m_a_a.jpg,a,angry,male,81,100,100
016_y_m_a_b.jpg,b,angry,male,88,100,100
025_y_m_a_a.jpg,a,angry,male,38,36,36
025_y_m_a_b.jpg,b,angry,male,30,22,17
031_y_m_a_a.jpg,a,angry,male,94,85,90
031_y_m_a_b.jpg,b,angry,male,95,100,92
037_y_m_a_a.jpg,a,angry,male,86,100,91
037_y_m_a_b.jpg,b,angry,male,92,100,100
041_y_m_a_a.jpg,a,angry,male,88,100,90
041_y_m_a_b.jpg,b,angry,male,98,100,92
049_y_m_a_a.jpg,a,angry,male,91,92,100
049_y_m_a_b.jpg,b,angry,male,96,100,91
057_y_m_a_a.jpg,a,angry,male,78,73,82
057_y_m_a_b.jpg,b,angry,male,88,100,83
062_y_m_a_a.jpg,a,angry,male,76,92,82
062_y_m_a_b.jpg,b,angry,male,74,91,91
066_y_m_a_a.jpg,a,angry,male,83,92,91
066_y_m_a_b.jpg,b,angry,male,88,100,92
072_y_m_a_a.jpg,a,angry,male,94,100,90
072_y_m_a_b.jpg,b,angry,male,88,100,100
081_y_m_a_a.jpg,a,angry,male,65,83,64
081_y_m_a_b.jpg,b,angry,male,79,90,83
089_y_m_a_a.jpg,a,angry,male,95,100,92
089_y_m_a_b.jpg,b,angry,male,100,100,100
099_y_m_a_a.jpg,a,angry,male,81,83,83
099_y_m_a_b.jpg,b,angry,male,88,70,83
105_y_m_a_a.jpg,a,angry,male,61,50,67
105_y_m_a_b.jpg,b,angry,male,78,50,83
109_y_m_a_a.jpg,a,angry,male,71,62,100
109_y_m_a_b.jpg,b,angry,male,80,90,75
114_y_m_a_a.jpg,a,angry,male,89,100,92
114_y_m_a_b.jpg,b,angry,male,96,100,100
119_y_m_a_a.jpg,a,angry,male,89,100,91
119_y_m_a_b.jpg,b,angry,male,97,100,100
123_y_m_a_a.jpg,a,angry,male,85,91,82
123_y_m_a_b.jpg,b,angry,male,76,89,75
127_y_m_a_a.jpg,a,angry,male,89,100,82
127_y_m_a_b.jpg,b,angry,male,88,100,100
135_y_m_a_a.jpg,a,angry,male,75,82,75
135_y_m_a_b.jpg,b,angry,male,82,78,75
144_y_m_a_a.jpg,a,angry,male,90,83,83
144_y_m_a_b.jpg,b,angry,male,94,100,91
147_y_m_a_a.jpg,a,angry,male,94,100,100
147_y_m_a_b.jpg,b,angry,male,69,89,92
153_y_m_a_a.jpg,a,angry,male,92,100,91
153_y_m_a_b.jpg,b,angry,male,97,100,100
160_y_m_a_a.jpg,a,angry,male,89,100,91
160_y_m_a_b.jpg,b,angry,male,88,90,92
167_y_m_a_a.jpg,a,angry,male,91,92,91
167_y_m_a_b.jpg,b,angry,male,91,80,100
170_y_m_a_a.jpg,a,angry,male,75,100,82
170_y_m_a_b.jpg,b,angry,male,91,90,100
175_y_m_a_a.jpg,a,angry,male,85,100,91
175_y_m_a_b.jpg,b,angry,male,97,100,100
010_y_f_n_a.jpg,a,neutral,female,86,80,100
010_y_f_n_b.jpg,b,neutral,female,90,90,92
020_y_f_n_a.jpg,a,neutral,female,77,73,100
020_y_f_n_b.jpg,b,neutral,female,75,70,83
022_y_f_n_a.jpg,a,neutral,female,94,92,100
022_y_f_n_b.jpg,b,neutral,female,97,100,92
028_y_f_n_a.jpg,a,neutral,female,92,67,100
028_y_f_n_b.jpg,b,neutral,female,92,80,91
034_y_f_n_a.jpg,a,neutral,female,90,83,100
034_y_f_n_b.jpg,b,neutral,female,86,90,83
040_y_f_n_a.jpg,a,neutral,female,89,83,100
040_y_f_n_b.jpg,b,neutral,female,93,100,92
048_y_f_n_a.jpg,a,neutral,female,97,100,100
048_y_f_n_b.jpg,b,neutral,female,97,100,100
054_y_f_n_a.jpg,a,neutral,female,85,91,100
054_y_f_n_b.jpg,b,neutral,female,97,100,92
063_y_f_n_a.jpg,a,neutral,female,95,92,90
063_y_f_n_b.jpg,b,neutral,female,92,100,83
069_y_f_n_a.jpg,a,neutral,female,89,83,100
069_y_f_n_b.jpg,b,neutral,female,95,100,92
071_y_f_n_a.jpg,a,neutral,female,94,80,100
071_y_f_n_b.jpg,b,neutral,female,94,100,100
085_y_f_n_a.jpg,a,neutral,female,71,58,100
085_y_f_n_b.jpg,b,neutral,female,81,100,75
090_y_f_n_a.jpg,a,neutral,female,95,90,100
090_y_f_n_b.jpg,b,neutral,female,95,90,100
098_y_f_n_a.jpg,a,neutral,female,97,82,100
098_y_f_n_b.jpg,b,neutral,female,92,100,92
101_y_f_n_a.jpg,a,neutral,female,86,83,91
101_y_f_n_b.jpg,b,neutral,female,94,100,91
106_y_f_n_a.jpg,a,neutral,female,91,83,100
106_y_f_n_b.jpg,b,neutral,female,99,100,100
115_y_f_n_a.jpg,a,neutral,female,97,91,100
115_y_f_n_b.jpg,b,neutral,female,94,100,91
125_y_f_n_a.jpg,a,neutral,female,92,92,100
125_y_f_n_b.jpg,b,neutral,female,94,100,83
132_y_f_n_a.jpg,a,neutral,female,91,83,100
132_y_f_n_b.jpg,b,neutral,female,91,100,83
134_y_f_n_a.jpg,a,neutral,female,78,80,75
134_y_f_n_b.jpg,b,neutral,female,78,80,83
140_y_f_n_a.jpg,a,neutral,female,87,73,85
140_y_f_n_b.jpg,b,neutral,female,93,90,83
150_y_f_n_a.jpg,a,neutral,female,76,64,92
150_y_f_n_b.jpg,b,neutral,female,61,50,27
152_y_f_n_a.jpg,a,neutral,female,91,91,91
152_y_f_n_b.jpg,b,neutral,female,89,89,100
162_y_f_n_a.jpg,a,neutral,female,87,73,100
162_y_f_n_b.jpg,b,neutral,female,88,90,92
163_y_f_n_a.jpg,a,neutral,female,94,92,100
163_y_f_n_b.jpg,b,neutral,female,96,100,92
171_y_f_n_a.jpg,a,neutral,female,86,80,92
171_y_f_n_b.jpg,b,neutral,female,91,90,92
173_y_f_n_a.jpg,a,neutral,female,91,92,100
173_y_f_n_b.jpg,b,neutral,female,100,100,100
177_y_f_n_a.jpg,a,neutral,female,92,91,82
177_y_f_n_b.jpg,b,neutral,female,90,100,92
182_y_f_n_a.jpg,a,neutral,female,91,82,100
182_y_f_n_b.jpg,b,neutral,female,99,100,92
008_y_m_n_a.jpg,a,neutral,male,94,80,100
008_y_m_n_b.jpg,b,neutral,male,96,100,92
013_y_m_n_a.jpg,a,neutral,male,97,91,100
013_y_m_n_b.jpg,b,neutral,male,96,100,83
016_y_m_n_a.jpg,a,neutral,male,91,92,100
016_y_m_n_b.jpg,b,neutral,male,99,100,100
025_y_m_n_a.jpg,a,neutral,male,88,92,80
025_y_m_n_b.jpg,b,neutral,male,94,100,83
031_y_m_n_a.jpg,a,neutral,male,92,91,100
031_y_m_n_b.jpg,b,neutral,male,93,100,83
037_y_m_n_a.jpg,a,neutral,male,94,91,100
037_y_m_n_b.jpg,b,neutral,male,97,100,91
041_y_m_n_a.jpg,a,neutral,male,94,85,100
041_y_m_n_b.jpg,b,neutral,male,92,89,92
049_y_m_n_a.jpg,a,neutral,male,97,90,100
049_y_m_n_b.jpg,b,neutral,male,97,100,92
057_y_m_n_a.jpg,a,neutral,male,91,75,100
057_y_m_n_b.jpg,b,neutral,male,96,100,91
062_y_m_n_a.jpg,a,neutral,male,97,82,100
062_y_m_n_b.jpg,b,neutral,male,89,90,91
066_y_m_n_a.jpg,a,neutral,male,94,92,100
066_y_m_n_b.jpg,b,neutral,male,97,100,100
072_y_m_n_a.jpg,a,neutral,male,95,83,100
072_y_m_n_b.jpg,b,neutral,male,99,100,100
081_y_m_n_a.jpg,a,neutral,male,94,90,100
081_y_m_n_b.jpg,b,neutral,male,97,100,100
089_y_m_n_a.jpg,a,neutral,male,94,91,100
089_y_m_n_b.jpg,b,neutral,male,94,91,82
099_y_m_n_a.jpg,a,neutral,male,89,92,91
099_y_m_n_b.jpg,b,neutral,male,91,100,100
105_y_m_n_a.jpg,a,neutral,male,89,92,91
105_y_m_n_b.jpg,b,neutral,male,92,100,92
109_y_m_n_a.jpg,a,neutral,male,95,91,100
109_y_m_n_b.jpg,b,neutral,male,92,90,83
114_y_m_n_a.jpg,a,neutral,male,94,85,100
114_y_m_n_b.jpg,b,neutral,male,93,91,82
119_y_m_n_a.jpg,a,neutral,male,91,80,92
119_y_m_n_b.jpg,b,neutral,male,97,100,90
123_y_m_n_a.jpg,a,neutral,male,89,90,100
123_y_m_n_b.jpg,b,neutral,male,93,100,92
127_y_m_n_a.jpg,a,neutral,male,93,92,100
127_y_m_n_b.jpg,b,neutral,male,99,100,100
135_y_m_n_a.jpg,a,neutral,male,91,91,100
135_y_m_n_b.jpg,b,neutral,male,95,91,91
144_y_m_n_a.jpg,a,neutral,male,92,80,100
144_y_m_n_b.jpg,b,neutral,male,97,100,91
147_y_m_n_a.jpg,a,neutral,male,92,82,100
147_y_m_n_b.jpg,b,neutral,male,88,90,83
153_y_m_n_a.jpg,a,neutral,male,91,92,100
153_y_m_n_b.jpg,b,neutral,male,97,90,100
160_y_m_n_a.jpg,a,neutral,male,94,91,100
160_y_m_n_b.jpg,b,neutral,male,83,100,83
167_y_m_n_a.jpg,a,neutral,male,88,90,100
167_y_m_n_b.jpg,b,neutral,male,87,91,73
170_y_m_n_a.jpg,a,neutral,male,86,73,100
170_y_m_n_b.jpg,b,neutral,male,80,90,73
175_y_m_n_a.jpg,a,neutral,male,91,90,100
175_y_m_n_b.jpg,b,neutral,male,93,100,83